{
  "states": [
    {
      "value": 0,
      "display": {
        "gui": {
          "rotation": [30, 225, 0],
          "translation": [0, 0, 0],
          "scale": [0.625, 0.625, 0.625]
        },
        "ground": {
          "rotation": [0, 0, 0],
          "translation": [0, 3, 0],
          "scale": [0.25, 0.25, 0.25]
        },
        "fixed": {
          "rotation": [0, 0, 0],
          "translation": [0, 0, 0],
          "scale": [0.5, 0.5, 0.5]
        },
        "hand": {
          "rotation": [0, 45, 0],
          "translation": [0, 0, 0],
          "scale": [0.40, 0.40, 0.40]
        }
      },
      "elements": [
        {
          "from": [0, 0, 0],
          "to": [16, 16, 16],
          "faces": {
            "all": {"uv": [0, 0, 16, 16], "texture": "blocks/cross"}
          }
        }
      ]
    }
  ]
}
